{"A":[[0.66737715506050832,0.66524568987898336,0,0],[0.5,0,0,0],[0,0,0.41471508258823786,0],[0,0,0,0.76197704113842279]],"B":[[0.5,0],[0,0],[0,0.0078125],[0,0.25]],"C":[[0.14980676734100984,-0.28868948692780527,0.011830680960186335,0],[0,0,0,0.19291632947786513]],"D":[[0.10481884635301994,6.81128043073523E-5],[0,0.027454666616945088]],"E":[],"Scaled":false,"StateName":["","","",""],"StatePath":["","","",""],"StateUnit":["","","",""],"InternalDelay":[],"InputDelay":[0,0],"OutputDelay":[0,0],"InputName":["",""],"InputUnit":["",""],"InputGroup":{},"OutputName":["",""],"OutputUnit":["",""],"OutputGroup":{},"Notes":[],"UserData":[],"Name":"","Ts":0.125,"TimeUnit":"seconds","SamplingGrid":{}}