{"A":[[0.44809337190241982,-0.33788008709879369,-0.3045726157371802,0.0093458990367722983,0.0052157198149764264,-0.052746420069758521,-0.04116264060729944,0.23887538572632752],[0.0249778949497525,0.90104421425649317,-0.34229236531078033,0.66605186432480679,0.033786524747974452,0.0019728536181200518,0.005849212361788661,-0.20075377127790714],[0.057109419384598736,0.11103806905801783,0.78559138660537853,-0.22525049884035242,-0.032030053714076183,0.0071195447581772183,0.067588039392270927,-0.30856541080605165],[0.025081826872689672,0.043675051084033245,0.191417446485316,0.37023967380394035,-0.035100614041092423,0.0039314231318601676,0.015371652288537469,-0.087574236614195181],[-0.00014099223008931321,-0.1886282402761342,0.20618870263493369,-0.29555884797189491,0.98847042754140135,-2.5379666100574036E-5,-0.12723857549011708,0.0076964336770697682],[0.00048707129472792419,0.019664034980737786,-0.25581249927477845,0.20206540265537715,-2.5379666100666366E-5,0.98844504787530107,0.037702457409145025,-0.25764857721541046],[9.1373618093608187E-20,1.6512701968283376,-1.7549588945228047,2.558784108651071,-8.9643344992350736E-19,1.7574754510192455E-19,0.13082700731118624,0.0048130237170224167],[-8.338002281829591E-19,0.23671260258186025,0.52254912425139066,-0.19933728638274351,2.2851378654682843E-18,-1.9045484744958288E-18,0.0735636309401723,-0.13930859463715406]],"B":[[-0.37256578583340777,0.43241538679909508],[0.052941608408130919,-0.36340713545918796],[0.61174382006618278,-0.55856919314150477],[0.13912984273951787,-0.15852804291249767],[-1.1516447722110539,0.013932186170309575],[0.34124743858142542,-0.4663988666562689],[9.950117172234636,0.0087125992740577519],[0.66582929485636311,1.5010203902466153]],"C":[[0.0040718797016587446,-0.10710422170826092,0.14333909082127907,0.04892348930441591,-0.0072452674855898215,0.00065196497687185044,0.005161572018881783,-0.013544508069932593],[0.16604874656447702,-0.042235010887349232,-0.038071576967147538,0.0011682373795965373,0.00065196497687205329,-0.0065933025087198151,-0.00514533007591243,0.02985942321579094]],"D":[[0.046717730130496224,-0.024518447885515469],[-0.046570723229175971,0.054051923349886885]],"E":[],"Scaled":false,"StateName":["","","","","","","",""],"StatePath":["","","","","","","",""],"StateUnit":["","","","","","","",""],"InternalDelay":[],"InputDelay":[0,0],"OutputDelay":[0,0],"InputName":["",""],"InputUnit":["",""],"InputGroup":{},"OutputName":["",""],"OutputUnit":["",""],"OutputGroup":{},"Notes":[],"UserData":[],"Name":"","Ts":0.125,"TimeUnit":"seconds","SamplingGrid":{}}